-- Step 1: Create the database
CREATE DATABASE "social-qna-app";

-- Step 2: Create the application user
CREATE USER "social-qna-user" WITH PASSWORD 'social-qna-pass';

-- Step 3: Grant all privileges on the database to the app user
GRANT ALL PRIVILEGES ON DATABASE "social-qna-app" TO "social-qna-user";

-- Step 4: Create an admin user
CREATE USER "social-qna-admin" WITH PASSWORD 'social-qna-admin-pass';

-- Step 5: Grant all privileges on the database to the admin user
GRANT ALL PRIVILEGES ON DATABASE "social-qna-app" TO "social-qna-admin";

GRANT ALL ON SCHEMA public TO "social-qna-user";
ALTER DEFAULT PRIVILEGES IN SCHEMA public GRANT ALL ON TABLES TO "social-qna-user";

--  Dummy data

-- Insert 100 realistic users
INSERT INTO users (id, email, username, name, profile_picture_url, bio, followers_count, following_count, posts_count, comments_count, points, badges_count, onboarded, is_active, created_at)
VALUES

(1, 'alice.johnson@email.com', '@alicejohnson', 'Alice Johnson', NULL, 'Bookworm and movie lover.', 0, 0, 0, 0, 0, 0, TRUE, TRUE, NOW()),
(2, 'bob.smith@email.com', '@bobsmith', 'Bob Smith', NULL, 'Fitness enthusiast and coder.', 0, 0, 0, 0, 0, 0, TRUE, TRUE, NOW()),
(3, 'charlie.brown@email.com', '@charliebrown', 'Charlie Brown', NULL, 'Gamer and music fan.', 0, 0, 0, 0, 0, 0, TRUE, TRUE, NOW()),
(4, 'diana.evans@email.com', '@dianaevans', 'Diana Evans', NULL, 'Traveler and foodie.', 0, 0, 0, 0, 0, 0, TRUE, TRUE, NOW()),
(5, 'ethan.clark@email.com', '@ethanclark', 'Ethan Clark', NULL, 'Sports and art lover.', 0, 0, 0, 0, 0, 0, TRUE, TRUE, NOW()),
(6, 'fiona.lewis@email.com', '@fionalewis', 'Fiona Lewis', NULL, 'Family and career focused.', 0, 0, 0, 0, 0, 0, TRUE, TRUE, NOW()),
(7, 'george.harris@email.com', '@georgeharris', 'George Harris', NULL, 'Coding and gaming.', 0, 0, 0, 0, 0, 0, TRUE, TRUE, NOW()),
(8, 'hannah.lee@email.com', '@hannahlee', 'Hannah Lee', NULL, 'Art and reading.', 0, 0, 0, 0, 0, 0, TRUE, TRUE, NOW()),
(9, 'ian.walker@email.com', '@ianwalker', 'Ian Walker', NULL, 'Music and sports.', 0, 0, 0, 0, 0, 0, TRUE, TRUE, NOW()),
(10, 'julia.adams@email.com', '@juliaadams', 'Julia Adams', NULL, 'Food and travel.', 0, 0, 0, 0, 0, 0, TRUE, TRUE, NOW()),
(11, 'kevin.white@email.com', '@kevinwhite', 'Kevin White', NULL, 'Tech geek and movie buff.', 0, 0, 0, 0, 0, 0, TRUE, TRUE, NOW()),
(12, 'laura.green@email.com', '@lauragreen', 'Laura Green', NULL, 'Fitness coach and travel addict.', 0, 0, 0, 0, 0, 0, TRUE, TRUE, NOW()),
(13, 'mike.brown@email.com', '@mikebrown', 'Mike Brown', NULL, 'Gamer and coding ninja.', 0, 0, 0, 0, 0, 0, TRUE, TRUE, NOW()),
(14, 'nina.james@email.com', '@ninajames', 'Nina James', NULL, 'Art lover and book reader.', 0, 0, 0, 0, 0, 0, TRUE, TRUE, NOW()),
(15, 'oliver.martin@email.com', '@olivermartin', 'Oliver Martin', NULL, 'Music producer and sports fan.', 0, 0, 0, 0, 0, 0, TRUE, TRUE, NOW()),
(16, 'paula.white@email.com', '@paulawhite', 'Paula White', NULL, 'Food critic and travel blogger.', 0, 0, 0, 0, 0, 0, TRUE, TRUE, NOW()),
(17, 'quinn.hall@email.com', '@quinnhall', 'Quinn Hall', NULL, 'Family guy and career-oriented.', 0, 0, 0, 0, 0, 0, TRUE, TRUE, NOW()),
(18, 'rachel.lee@email.com', '@rachelee', 'Rachel Lee', NULL, 'Coding enthusiast and movie lover.', 0, 0, 0, 0, 0, 0, TRUE, TRUE, NOW()),
(19, 'samuel.kim@email.com', '@samuelkim', 'Samuel Kim', NULL, 'Gamer and fitness junkie.', 0, 0, 0, 0, 0, 0, TRUE, TRUE, NOW()),
(20, 'tina.park@email.com', '@tinapark', 'Tina Park', NULL, 'Artistic soul and music lover.', 0, 0, 0, 0, 0, 0, TRUE, TRUE, NOW()),
(21, 'ursula.bright@email.com', '@ursulabright', 'Ursula Bright', NULL, 'Foodie and travel enthusiast.', 0, 0, 0, 0, 0, 0, TRUE, TRUE, NOW()),
(22, 'victor.smith@email.com', '@victorsmith', 'Victor Smith', NULL, 'Tech lover and coding expert.', 0, 0, 0, 0, 0, 0, TRUE, TRUE, NOW()),
(23, 'wendy.johnson@email.com', '@wendyjohnson', 'Wendy Johnson', NULL, 'Fitness and wellness coach.', 0, 0, 0, 0, 0, 0, TRUE, TRUE, NOW()),
(24, 'xander.brown@email.com', '@xanderbrown', 'Xander Brown', NULL, 'Gamer and movie enthusiast.', 0, 0, 0, 0, 0, 0, TRUE, TRUE, NOW()),
(25, 'yvonne.martin@email.com', '@yvonnemartin', 'Yvonne Martin', NULL, 'Art and literature lover.', 0, 0, 0, 0, 0, 0, TRUE, TRUE, NOW()),
(26, 'zachary.clark@email.com', '@zacharyclark', 'Zachary Clark', NULL, 'Music and sports aficionado.', 0, 0, 0, 0, 0, 0, TRUE, TRUE, NOW()),
(27, 'aaron.hall@email.com', '@aaronhall', 'Aaron Hall', NULL, 'Tech enthusiast and gamer.', 0, 0, 0, 0, 0, 0, TRUE, TRUE, NOW()),
(28, 'bella.kim@email.com', '@bellakim', 'Bella Kim', NULL, 'Fitness lover and travel blogger.', 0, 0, 0, 0, 0, 0, TRUE, TRUE, NOW()),
(29, 'charles.lee@email.com', '@charleslee', 'Charles Lee', NULL, 'Art critic and music lover.', 0, 0, 0, 0, 0, 0, TRUE, TRUE, NOW()),
(30, 'daisy.james@email.com', '@daisyjames', 'Daisy James', NULL, 'Foodie and fitness enthusiast.', 0, 0, 0, 0, 0, 0, TRUE, TRUE, NOW()),
(31, 'edward.brown@email.com', '@edwardbrown', 'Edward Brown', NULL, 'Gamer and coding expert.', 0, 0, 0, 0, 0, 0, TRUE, TRUE, NOW()),
(32, 'fay.williams@email.com', '@faywilliams', 'Fay Williams', NULL, 'Art lover and book reader.', 0, 0, 0, 0, 0, 0, TRUE, TRUE, NOW()),
(33, 'george.johnson@email.com', '@georgejohnson', 'George Johnson', NULL, 'Music producer and sports fan.', 0, 0, 0, 0, 0, 0, TRUE, TRUE, NOW()),
(34, 'hannah.martin@email.com', '@hannahmartin', 'Hannah Martin', NULL, 'Food critic and travel blogger.', 0, 0, 0, 0, 0, 0, TRUE, TRUE, NOW()),
(35, 'ian.hall@email.com', '@ianhall', 'Ian Hall', NULL, 'Family guy and career-oriented.', 0, 0, 0, 0, 0, 0, TRUE, TRUE, NOW()),
(36, 'julia.lee@email.com', '@julialee', 'Julia Lee', NULL, 'Coding enthusiast and movie lover.', 0, 0, 0, 0, 0, 0, TRUE, TRUE, NOW()),
(37, 'kevin.smith@email.com', '@kevinsmith', 'Kevin Smith', NULL, 'Gamer and fitness junkie.', 0, 0, 0, 0, 0, 0, TRUE, TRUE, NOW()),
(38, 'laura.james@email.com', '@laurajames', 'Laura James', NULL, 'Artistic soul and music lover.', 0, 0, 0, 0, 0, 0, TRUE, TRUE, NOW()),
(39, 'mike.williams@email.com', '@mikewilliams', 'Mike Williams', NULL, 'Foodie and travel enthusiast.', 0, 0, 0, 0, 0, 0, TRUE, TRUE, NOW()),
(40, 'nina.brown@email.com', '@ninabrown', 'Nina Brown', NULL, 'Tech lover and coding expert.', 0, 0, 0, 0, 0, 0, TRUE, TRUE, NOW()),
(41, 'oliver.johnson@email.com', '@oliverjohnson', 'Oliver Johnson', NULL, 'Fitness and wellness coach.', 0, 0, 0, 0, 0, 0, TRUE, TRUE, NOW()),
(42, 'paula.martin@email.com', '@paulamartin', 'Paula Martin', NULL, 'Gamer and movie enthusiast.', 0, 0, 0, 0, 0, 0, TRUE, TRUE, NOW()),
(43, 'quinn.lee@email.com', '@quinnlee', 'Quinn Lee', NULL, 'Art critic and music lover.', 0, 0, 0, 0, 0, 0, TRUE, TRUE, NOW()),
(44, 'rachel.hall@email.com', '@rachelhall', 'Rachel Hall', NULL, 'Foodie and fitness enthusiast.', 0, 0, 0, 0, 0, 0, TRUE, TRUE, NOW()),
(45, 'samuel.james@email.com', '@samueljames', 'Samuel James', NULL, 'Tech enthusiast and gamer.', 0, 0, 0, 0, 0, 0, TRUE, TRUE, NOW()),
(46, 'tina.brown@email.com', '@tinabrown', 'Tina Brown', NULL, 'Fitness lover and travel blogger.', 0, 0, 0, 0, 0, 0, TRUE, TRUE, NOW()),
(47, 'ursula.martin@email.com', '@ursulamartin', 'Ursula Martin', NULL, 'Art lover and book reader.', 0, 0, 0, 0, 0, 0, TRUE, TRUE, NOW()),
(48, 'victor.johnson@email.com', '@victorjohnson', 'Victor Johnson', NULL, 'Music producer and sports fan.', 0, 0, 0, 0, 0, 0, TRUE, TRUE, NOW()),
(49, 'wendy.smith@email.com', '@wendysmith', 'Wendy Smith', NULL, 'Food critic and travel blogger.', 0, 0, 0, 0, 0, 0, TRUE, TRUE, NOW()),
(50, 'xander.martin@email.com', '@xandermartin', 'Xander Martin', NULL, 'Family guy and career-oriented.', 0, 0, 0, 0, 0, 0, TRUE, TRUE, NOW()),
(51, 'yvonne.brown@email.com', '@yvonnebrown', 'Yvonne Brown', NULL, 'Coding enthusiast and movie lover.', 0, 0, 0, 0, 0, 0, TRUE, TRUE, NOW()),
(52, 'zachary.james@email.com', '@zacharyjames', 'Zachary James', NULL, 'Gamer and fitness junkie.', 0, 0, 0, 0, 0, 0, TRUE, TRUE, NOW()),
(53, 'aaron.martin@email.com', '@aaronmartin', 'Aaron Martin', NULL, 'Artistic soul and music lover.', 0, 0, 0, 0, 0, 0, TRUE, TRUE, NOW()),
(54, 'bella.brown@email.com', '@bellabrown', 'Bella Brown', NULL, 'Foodie and travel enthusiast.', 0, 0, 0, 0, 0, 0, TRUE, TRUE, NOW()),
(55, 'charles.johnson@email.com', '@charlesjohnson', 'Charles Johnson', NULL, 'Tech lover and coding expert.', 0, 0, 0, 0, 0, 0, TRUE, TRUE, NOW()),
(56, 'daisy.martin@email.com', '@daisymartin', 'Daisy Martin', NULL, 'Fitness and wellness coach.', 0, 0, 0, 0, 0, 0, TRUE, TRUE, NOW()),
(57, 'edward.james@email.com', '@edwardjames', 'Edward James', NULL, 'Gamer and movie enthusiast.', 0, 0, 0, 0, 0, 0, TRUE, TRUE, NOW()),
(58, 'fay.brown@email.com', '@faybrown', 'Fay Brown', NULL, 'Art lover and book reader.', 0, 0, 0, 0, 0, 0, TRUE, TRUE, NOW()),
(59, 'george.martin@email.com', '@georgemartin', 'George Martin', NULL, 'Music producer and sports fan.', 0, 0, 0, 0, 0, 0, TRUE, TRUE, NOW()),
(60, 'hannah.johnson@email.com', '@hannahjohnson', 'Hannah Johnson', NULL, 'Food critic and travel blogger.', 0, 0, 0, 0, 0, 0, TRUE, TRUE, NOW()),
(61, 'ian.brown@email.com', '@ianbrown', 'Ian Brown', NULL, 'Family guy and career-oriented.', 0, 0, 0, 0, 0, 0, TRUE, TRUE, NOW()),
(62, 'julia.martin@email.com', '@julia martin', 'Julia Martin', NULL, 'Coding enthusiast and movie lover.', 0, 0, 0, 0, 0, 0, TRUE, TRUE, NOW()),
(63, 'kevin.james@email.com', '@kevinjames', 'Kevin James', NULL, 'Gamer and fitness junkie.', 0, 0, 0, 0, 0, 0, TRUE, TRUE, NOW()),
(64, 'laura.brown@email.com', '@laurabrown', 'Laura Brown', NULL, 'Artistic soul and music lover.', 0, 0, 0, 0, 0, 0, TRUE, TRUE, NOW()),
(65, 'mike.johnson@email.com', '@mikejohnson', 'Mike Johnson', NULL, 'Foodie and travel enthusiast.', 0, 0, 0, 0, 0, 0, TRUE, TRUE, NOW()),
(66, 'nina.martin@email.com', '@ninamartin', 'Nina Martin', NULL, 'Tech lover and coding expert.', 0, 0, 0, 0, 0, 0, TRUE, TRUE, NOW()),
(67, 'oliver.brown@email.com', '@oliverbrown', 'Oliver Brown', NULL, 'Fitness and wellness coach.', 0, 0, 0, 0, 0, 0, TRUE, TRUE, NOW()),
(68, 'paula.james@email.com', '@paulajames', 'Paula James', NULL, 'Gamer and movie enthusiast.', 0, 0, 0, 0, 0, 0, TRUE, TRUE, NOW()),
(69, 'quinn.brown@email.com', '@quinnbrown', 'Quinn Brown', NULL, 'Art critic and music lover.', 0, 0, 0, 0, 0, 0, TRUE, TRUE, NOW()),
(70, 'rachel.martin@email.com', '@rachelmartin', 'Rachel Martin', NULL, 'Foodie and fitness enthusiast.', 0, 0, 0, 0, 0, 0, TRUE, TRUE, NOW()),
(71, 'samuel.brown@email.com', '@samuelbrown', 'Samuel Brown', NULL, 'Tech enthusiast and gamer.', 0, 0, 0, 0, 0, 0, TRUE, TRUE, NOW()),
(72, 'tina.james@email.com', '@tinajames', 'Tina James', NULL, 'Fitness lover and travel blogger.', 0, 0, 0, 0, 0, 0, TRUE, TRUE, NOW()),
(73, 'ursula.brown@email.com', '@ursulabrown', 'Ursula Brown', NULL, 'Art lover and book reader.', 0, 0, 0, 0, 0, 0, TRUE, TRUE, NOW()),
(74, 'victor.martin@email.com', '@victormartin', 'Victor Martin', NULL, 'Music producer and sports fan.', 0, 0, 0, 0, 0, 0, TRUE, TRUE, NOW()),
(75, 'wendy.james@email.com', '@wendyjames', 'Wendy James', NULL, 'Food critic and travel blogger.', 0, 0, 0, 0, 0, 0, TRUE, TRUE, NOW()),
(76, 'xander.brown2@email.com', '@xanderbrown2', 'Xander Brown', NULL, 'Family guy and career-oriented.', 0, 0, 0, 0, 0, 0, TRUE, TRUE, NOW()),
(77, 'yvonne.martin2@email.com', '@yvonnemartin2', 'Yvonne Martin', NULL, 'Coding enthusiast and movie lover.', 0, 0, 0, 0, 0, 0, TRUE, TRUE, NOW()),
(78, 'zachary.james2@email.com', '@zacharyjames2', 'Zachary James', NULL, 'Gamer and fitness junkie.', 0, 0, 0, 0, 0, 0, TRUE, TRUE, NOW()),
(79, 'aaron.martin2@email.com', '@aaronmartin2', 'Aaron Martin', NULL, 'Artistic soul and music lover.', 0, 0, 0, 0, 0, 0, TRUE, TRUE, NOW()),
(80, 'bella.brown2@email.com', '@bellabrown2', 'Bella Brown', NULL, 'Foodie and travel enthusiast.', 0, 0, 0, 0, 0, 0, TRUE, TRUE, NOW()),
(81, 'charles.johnson2@email.com', '@charlesjohnson2', 'Charles Johnson', NULL, 'Tech lover and coding expert.', 0, 0, 0, 0, 0, 0, TRUE, TRUE, NOW()),
(82, 'daisy.martin2@email.com', '@daisymartin2', 'Daisy Martin', NULL, 'Fitness and wellness coach.', 0, 0, 0, 0, 0, 0, TRUE, TRUE, NOW()),
(83, 'edward.james2@email.com', '@edwardjames2', 'Edward James', NULL, 'Gamer and movie enthusiast.', 0, 0, 0, 0, 0, 0, TRUE, TRUE, NOW()),
(84, 'fay.brown2@email.com', '@faybrown2', 'Fay Brown', NULL, 'Art lover and book reader.', 0, 0, 0, 0, 0, 0, TRUE, TRUE, NOW()),
(85, 'george.martin2@email.com', '@georgemartin2', 'George Martin', NULL, 'Music producer and sports fan.', 0, 0, 0, 0, 0, 0, TRUE, TRUE, NOW()),
(86, 'hannah.johnson2@email.com', '@hannahjohnson2', 'Hannah Johnson', NULL, 'Food critic and travel blogger.', 0, 0, 0, 0, 0, 0, TRUE, TRUE, NOW()),
(87, 'ian.brown2@email.com', '@ianbrown2', 'Ian Brown', NULL, 'Family guy and career-oriented.', 0, 0, 0, 0, 0, 0, TRUE, TRUE, NOW()),
(88, 'julia.martin2@email.com', '@julia2 martin', 'Julia Martin', NULL, 'Coding enthusiast and movie lover.', 0, 0, 0, 0, 0, 0, TRUE, TRUE, NOW()),
(89, 'kevin.james2@email.com', '@kevinjames2', 'Kevin James', NULL, 'Gamer and fitness junkie.', 0, 0, 0, 0, 0, 0, TRUE, TRUE, NOW()),
(90, 'laura.brown2@email.com', '@laurabrown2', 'Laura Brown', NULL, 'Artistic soul and music lover.', 0, 0, 0, 0, 0, 0, TRUE, TRUE, NOW()),
(91, 'mike.johnson2@email.com', '@mikejohnson2', 'Mike Johnson', NULL, 'Foodie and travel enthusiast.', 0, 0, 0, 0, 0, 0, TRUE, TRUE, NOW()),
(92, 'nina.martin2@email.com', '@ninamartin2', 'Nina Martin', NULL, 'Tech lover and coding expert.', 0, 0, 0, 0, 0, 0, TRUE, TRUE, NOW()),
(93, 'oliver.brown2@email.com', '@oliverbrown2', 'Oliver Brown', NULL, 'Fitness and wellness coach.', 0, 0, 0, 0, 0, 0, TRUE, TRUE, NOW()),
(94, 'paula.james2@email.com', '@paulajames2', 'Paula James', NULL, 'Gamer and movie enthusiast.', 0, 0, 0, 0, 0, 0, TRUE, TRUE, NOW()),
(95, 'quinn.brown2@email.com', '@quinnbrown2', 'Quinn Brown', NULL, 'Art critic and music lover.', 0, 0, 0, 0, 0, 0, TRUE, TRUE, NOW()),
(96, 'rachel.martin2@email.com', '@rachelmartin2', 'Rachel Martin', NULL, 'Foodie and fitness enthusiast.', 0, 0, 0, 0, 0, 0, TRUE, TRUE, NOW()),
(97, 'samuel.brown2@email.com', '@samuelbrown2', 'Samuel Brown', NULL, 'Tech enthusiast and gamer.', 0, 0, 0, 0, 0, 0, TRUE, TRUE, NOW()),
(98, 'tina.james2@email.com', '@tinajames2', 'Tina James', NULL, 'Fitness lover and travel blogger.', 0, 0, 0, 0, 0, 0, TRUE, TRUE, NOW()),
(99, 'ursula.brown2@email.com', '@ursulabrown2', 'Ursula Brown', NULL, 'Art lover and book reader.', 0, 0, 0, 0, 0, 0, TRUE, TRUE, NOW()),
(100, 'victor.martin2@email.com', '@victormartin2', 'Victor Martin', NULL, 'Music producer and sports fan.', 0, 0, 0, 0, 0, 0, TRUE, TRUE, NOW());

-- Insert interests for each user (2-3 interests per user, valid from Interest enum)
INSERT INTO user_interests (user_id, interest) VALUES
(1, 'READING'), (1, 'MOVIES'), (1, 'ART'),
(2, 'FITNESS'), (2, 'CODING'), (2, 'CAREER'),
(3, 'GAMING'), (3, 'MUSIC'), (3, 'SPORTS'),
(4, 'TRAVEL'), (4, 'FOOD'), (4, 'ART'),
(5, 'SPORTS'), (5, 'ART'), (5, 'MOVIES'),
(6, 'FAMILY'), (6, 'CAREER'), (6, 'READING'),
(7, 'CODING'), (7, 'GAMING'), (7, 'MOVIES'),
(8, 'ART'), (8, 'READING'), (8, 'MUSIC'),
(9, 'MUSIC'), (9, 'SPORTS'), (9, 'FOOD'),
(10, 'FOOD'), (10, 'TRAVEL'), (10, 'FAMILY'),
(11, 'MOVIES'), (11, 'TECHNOLOGY'), (11, 'READING'),
(12, 'FITNESS'), (12, 'TRAVEL'), (12, 'FOOD'),
(13, 'GAMING'), (13, 'CODING'), (13, 'MOVIES'),
(14, 'ART'), (14, 'READING'), (14, 'MUSIC'),
(15, 'MUSIC'), (15, 'SPORTS'), (15, 'FOOD'),
(16, 'FOOD'), (16, 'TRAVEL'), (16, 'FAMILY'),
(17, 'CODING'), (17, 'GAMING'), (17, 'MOVIES'),
(18, 'ART'), (18, 'READING'), (18, 'MUSIC'),
(19, 'MUSIC'), (19, 'SPORTS'), (19, 'FOOD'),
(20, 'FOOD'), (20, 'TRAVEL'), (20, 'FAMILY'),
(21, 'MOVIES'), (21, 'TECHNOLOGY'), (21, 'READING'),
(22, 'FITNESS'), (22, 'TRAVEL'), (22, 'FOOD'),
(23, 'GAMING'), (23, 'CODING'), (23, 'MOVIES'),
(24, 'ART'), (24, 'READING'), (24, 'MUSIC'),
(25, 'MUSIC'), (25, 'SPORTS'), (25, 'FOOD'),
(26, 'FOOD'), (26, 'TRAVEL'), (26, 'FAMILY'),
(27, 'CODING'), (27, 'GAMING'), (27, 'MOVIES'),
(28, 'ART'), (28, 'READING'), (28, 'MUSIC'),
(29, 'MUSIC'), (29, 'SPORTS'), (29, 'FOOD'),
(30, 'FOOD'), (30, 'TRAVEL'), (30, 'FAMILY'),
(31, 'MOVIES'), (31, 'TECHNOLOGY'), (31, 'READING'),
(32, 'FITNESS'), (32, 'TRAVEL'), (32, 'FOOD'),
(33, 'GAMING'), (33, 'CODING'), (33, 'MOVIES'),
(34, 'ART'), (34, 'READING'), (34, 'MUSIC'),
(35, 'MUSIC'), (35, 'SPORTS'), (35, 'FOOD'),
(36, 'FOOD'), (36, 'TRAVEL'), (36, 'FAMILY'),
(37, 'CODING'), (37, 'GAMING'), (37, 'MOVIES'),
(38, 'ART'), (38, 'READING'), (38, 'MUSIC'),
(39, 'MUSIC'), (39, 'SPORTS'), (39, 'FOOD'),
(40, 'FOOD'), (40, 'TRAVEL'), (40, 'FAMILY'),
(41, 'MOVIES'), (41, 'TECHNOLOGY'), (41, 'READING'),
(42, 'FITNESS'), (42, 'TRAVEL'), (42, 'FOOD'),
(43, 'GAMING'), (43, 'CODING'), (43, 'MOVIES'),
(44, 'ART'), (44, 'READING'), (44, 'MUSIC'),
(45, 'MUSIC'), (45, 'SPORTS'), (45, 'FOOD'),
(46, 'FOOD'), (46, 'TRAVEL'), (46, 'FAMILY'),
(47, 'CODING'), (47, 'GAMING'), (47, 'MOVIES'),
(48, 'ART'), (48, 'READING'), (48, 'MUSIC'),
(49, 'MUSIC'), (49, 'SPORTS'), (49, 'FOOD'),
(50, 'FOOD'), (50, 'TRAVEL'), (50, 'FAMILY'),
(51, 'MOVIES'), (51, 'TECHNOLOGY'), (51, 'READING'),
(52, 'FITNESS'), (52, 'TRAVEL'), (52, 'FOOD'),
(53, 'GAMING'), (53, 'CODING'), (53, 'MOVIES'),
(54, 'ART'), (54, 'READING'), (54, 'MUSIC'),
(55, 'MUSIC'), (55, 'SPORTS'), (55, 'FOOD'),
(56, 'FOOD'), (56, 'TRAVEL'), (56, 'FAMILY'),
(57, 'CODING'), (57, 'GAMING'), (57, 'MOVIES'),
(58, 'ART'), (58, 'READING'), (58, 'MUSIC'),
(59, 'MUSIC'), (59, 'SPORTS'), (59, 'FOOD'),
(60, 'FOOD'), (60, 'TRAVEL'), (60, 'FAMILY'),
(61, 'MOVIES'), (61, 'TECHNOLOGY'), (61, 'READING'),
(62, 'FITNESS'), (62, 'TRAVEL'), (62, 'FOOD'),
(63, 'GAMING'), (63, 'CODING'), (63, 'MOVIES'),
(64, 'ART'), (64, 'READING'), (64, 'MUSIC'),
(65, 'MUSIC'), (65, 'SPORTS'), (65, 'FOOD'),
(66, 'FOOD'), (66, 'TRAVEL'), (66, 'FAMILY'),
(67, 'CODING'), (67, 'GAMING'), (67, 'MOVIES'),
(68, 'ART'), (68, 'READING'), (68, 'MUSIC'),
(69, 'MUSIC'), (69, 'SPORTS'), (69, 'FOOD'),
(70, 'FOOD'), (70, 'TRAVEL'), (70, 'FAMILY'),
(71, 'MOVIES'), (71, 'TECHNOLOGY'), (71, 'READING'),
(72, 'FITNESS'), (72, 'TRAVEL'), (72, 'FOOD'),
(73, 'GAMING'), (73, 'CODING'), (73, 'MOVIES'),
(74, 'ART'), (74, 'READING'), (74, 'MUSIC'),
(75, 'MUSIC'), (75, 'SPORTS'), (75, 'FOOD'),
(76, 'FOOD'), (76, 'TRAVEL'), (76, 'FAMILY'),
(77, 'CODING'), (77, 'GAMING'), (77, 'MOVIES'),
(78, 'ART'), (78, 'READING'), (78, 'MUSIC'),
(79, 'MUSIC'), (79, 'SPORTS'), (79, 'FOOD'),
(80, 'FOOD'), (80, 'TRAVEL'), (80, 'FAMILY'),
(81, 'MOVIES'), (81, 'TECHNOLOGY'), (81, 'READING'),
(82, 'FITNESS'), (82, 'TRAVEL'), (82, 'FOOD'),
(83, 'GAMING'), (83, 'CODING'), (83, 'MOVIES'),
(84, 'ART'), (84, 'READING'), (84, 'MUSIC'),
(85, 'MUSIC'), (85, 'SPORTS'), (85, 'FOOD'),
(86, 'FOOD'), (86, 'TRAVEL'), (86, 'FAMILY'),
(87, 'CODING'), (87, 'GAMING'), (87, 'MOVIES'),
(88, 'ART'), (88, 'READING'), (88, 'MUSIC'),
(89, 'MUSIC'), (89, 'SPORTS'), (89, 'FOOD'),
(90, 'FOOD'), (90, 'TRAVEL'), (90, 'FAMILY'),
(91, 'MOVIES'), (91, 'TECHNOLOGY'), (91, 'READING'),
(92, 'FITNESS'), (92, 'TRAVEL'), (92, 'FOOD'),
(93, 'GAMING'), (93, 'CODING'), (93, 'MOVIES'),
(94, 'ART'), (94, 'READING'), (94, 'MUSIC'),
(95, 'MUSIC'), (95, 'SPORTS'), (95, 'FOOD'),
(96, 'FOOD'), (96, 'TRAVEL'), (96, 'FAMILY'),
(97, 'CODING'), (97, 'GAMING'), (97, 'MOVIES'),
(98, 'ART'), (98, 'READING'), (98, 'MUSIC'),
(99, 'MUSIC'), (99, 'SPORTS'), (99, 'FOOD'),
(100, 'FOOD'), (100, 'TRAVEL'), (100, 'FAMILY');

-- Create Groups
INSERT INTO groups (id, name, description, membersCount, postsCount, createdAt) VALUES
(1, 'Book Lovers', 'A group for people who love reading and discussing books.', 0, 0, NOW()),
(2, 'Fitness Enthusiasts', 'A community for fitness lovers to share tips and motivate each other.', 0, 0, NOW()),
(3, 'Gamers Unite', 'A place for gamers to connect and share their gaming experiences.', 0, 0, NOW()),
(4, 'Travel Buddies', 'For those who love to explore new places and share travel stories.', 0, 0, NOW()),
(5, 'Foodies', 'A group for food lovers to share recipes and restaurant recommendations.', 0, 0, NOW());
(6, 'Tech Geeks', 'A community for technology enthusiasts to discuss the latest trends and gadgets.', 0, 0, NOW());
(7, 'Art Admirers', 'A group for art lovers to share and discuss their favorite artworks and artists.', 0, 0, NOW());
(8, 'Movie Buffs', 'For those who love watching and discussing movies.', 0, 0, NOW());
(9, 'Music Fans', 'A community for music lovers to share their favorite tunes and artists.', 0, 0, NOW());
(10 , 'Sports Fans', 'A group for sports enthusiasts to discuss games and share their passion for sports.', 0, 0, NOW());
(11, 'Career Builders', 'A community for professionals to share career advice and network.', 0, 0, NOW());
(12, 'Family First', 'A group for parents and family-oriented individuals to share experiences and advice.', 0, 0, NOW());
(13, 'Coding Ninjas', 'A community for coders to share knowledge and collaborate on projects.', 0, 0, NOW());
(14, 'Wellness Warriors', 'A group for those interested in health and wellness to share tips and support each other.', 0, 0,
-- Now for each group add 2-3 interests from Interest enum that best describe the group NOW());
INSERT INTO group_interests (group_id, interest) VALUES
(1, 'READING'), (1, 'ART'), (1, 'MOVIES'),
(2, 'FITNESS'), (2, 'WELLNESS'), (2, 'CAREER'),
(3, 'GAMING'), (3, 'TECHNOLOGY'), (3, 'MOVIES'),
(4, 'TRAVEL'), (4, 'FOOD'), (4, 'FAMILY'),
(5, 'FOOD'), (5, 'TRAVEL'), (5, 'ART'),
(6, 'TECHNOLOGY'), (6, 'CODING'), (6, 'GAMING'),
(7, 'ART'), (7, 'READING'), (7, 'MUSIC'),
(8, 'MOVIES'), (8, 'READING'), (8, 'ART'),
(9, 'MUSIC'), (9, 'ART'), (9, 'MOVIES'),
(10, 'SPORTS'), (10, 'FITNESS'), (10, 'MUSIC'),
(11, 'CAREER'), (11, 'TECHNOLOGY'), (11, 'CODING'),
(12, 'FAMILY'), (12, 'TRAVEL'), (12, 'FOOD'),
(13, 'CODING'), (13, 'TECHNOLOGY'), (13, 'GAMING'),
(14, 'WELLNESS'), (14, 'FITNESS'), (14, 'FOOD');
-- Add 5-10 users to each group (randomly)
INSERT INTO user_groups (user_id, group_id, joinedAt) VALUES
(1, 1, NOW()), (2, 1, NOW()), (3, 1, NOW()), (4, 1, NOW()), (5, 1, NOW()),
(6, 2, NOW()), (7, 2, NOW()), (8, 2, NOW()), (9, 2, NOW()), (10, 2, NOW()),
(11, 3, NOW()), (12, 3, NOW()), (13, 3, NOW()), (14, 3, NOW()), (15, 3, NOW()),
(16, 4, NOW()), (17, 4, NOW()), (18, 4, NOW()), (19, 4, NOW()), (20, 4, NOW()),
(21, 5, NOW()), (22, 5, NOW()), (23, 5, NOW()), (24, 5, NOW()), (25, 5, NOW()),
(26, 6, NOW()), (27, 6, NOW()), (28, 6, NOW()), (29, 6, NOW()), (30, 6, NOW()),
(31, 7, NOW()), (32, 7, NOW()), (33, 7, NOW()), (34, 7, NOW()), (35, 7, NOW()),
(36, 8, NOW()), (37, 8, NOW()), (38, 8, NOW()), (39, 8, NOW()), (40, 8, NOW()),
(41, 9, NOW()), (42, 9, NOW()), (43, 9, NOW()), (44, 9, NOW()), (45, 9, NOW()),
(46, 10, NOW()), (47, 10, NOW()), (48, 10, NOW()), (49, 10, NOW()), (50, 10, NOW()),
(51, 11, NOW()), (52, 11, NOW()), (53, 11, NOW()), (54, 11, NOW()), (55, 11, NOW()),
(56, 12, NOW()), (57, 12, NOW()), (58, 12, NOW()), (59, 12, NOW()), (60, 12, NOW()),
(61, 13, NOW()), (62, 13, NOW()), (63, 13, NOW()), (64, 13, NOW()), (65, 13, NOW()),
(66, 14, NOW()), (67, 14, NOW()), (68, 14, NOW()), (69, 14, NOW()), (70, 14, NOW()),
(71, 1, NOW()), (72, 1, NOW()), (73, 1, NOW()), (74, 1, NOW()), (75, 1, NOW()),
(76, 2, NOW()), (77, 2, NOW()), (78, 2, NOW()), (79, 2, NOW()), (80, 2, NOW()),
(81, 3, NOW()), (82, 3, NOW()), (83, 3, NOW()), (84, 3, NOW()), (85, 3, NOW()),
(86, 4, NOW()), (87, 4, NOW()), (88, 4, NOW()), (89, 4, NOW()), (90, 4, NOW()),
(91, 5, NOW()), (92, 5, NOW()), (93, 5, NOW()), (94, 5, NOW()), (95, 5, NOW()),
(96, 6, NOW()), (97, 6, NOW()), (98, 6, NOW()), (99, 6, NOW()), (100, 6, NOW());
-- Update membersCount in groups table
UPDATE groups SET membersCount = (SELECT COUNT(*) FROM user_groups WHERE user_groups.group_id = groups.id);
-- Add Posts to each group (5-10 posts per group, random user from that group as author)
INSERT INTO posts (group_id, author_id, content, likesCount, commentsCount, createdAt) VALUES
(1, 1, 'Just finished reading a fantastic book on modern art!', 0, 0, NOW()),
(1, 2, 'Anyone else excited about the new movie releases this month?', 0, 0, NOW()),
(1, 3, 'I love discussing classic literature. What are your favorites?', 0, 0, NOW()),
(1, 4, 'Art exhibitions are back in town! Who wants to join me?', 0, 0, NOW()),
(1, 5, 'Book recommendations are always welcome here!', 0, 0, NOW()),
(2, 6, 'Just completed a 5K run! Feeling great!', 0, 0, NOW()),
(2, 7, 'What are your favorite workout routines?', 0, 0, NOW()),
(2, 8, 'Fitness challenges are a great way to stay motivated!', 0, 0, NOW()),
(2, 9, 'Anyone tried the new fitness app? Thoughts?', 0, 0, NOW()),
(2, 10, 'Healthy eating tips are always appreciated!', 0, 0, NOW()),
(3, 11, 'Just reached level 50 in my favorite game!', 0, 0, NOW()),
(3, 12, 'What are the best gaming setups you have?', 0, 0, NOW()),
(3, 13, 'Looking for new multiplayer games to try out.', 0, 0, NOW()),
(3, 14, 'Anyone interested in a gaming tournament?', 0, 0, NOW()),
(3, 15, 'Share your favorite gaming moments!', 0, 0, NOW()),
(4, 16, 'Just booked my next trip to Japan!', 0, 0, NOW()),
(4, 17, 'What are the must-visit places in Europe?', 0, 0, NOW()),
(4, 18, 'Travel hacks for budget travelers?', 0, 0, NOW()),
(4, 19, 'Anyone up for a travel meetup?', 0, 0, NOW()),
(4, 20, 'Share your best travel photos!', 0, 0, NOW()),
(5, 21, 'Tried a new recipe today and it was amazing!', 0, 0, NOW()),
(5, 22, 'What are your favorite restaurants in town?', 0, 0, NOW()),
(5, 23, 'Anyone interested in a food tasting event?', 0, 0, NOW()),
(5, 24, 'Healthy eating tips are always welcome!', 0, 0, NOW()),
(5, 25, 'Share your favorite food blogs!', 0, 0, NOW()),
(6, 26, 'Just got the latest smartphone! Loving it so far.', 0, 0, NOW()),
(6, 27, 'What are the best tech gadgets of the year?', 0, 0, NOW()),
(6, 28, 'Anyone interested in a tech meetup?', 0, 0, NOW()),
(6, 29, 'Share your favorite coding resources!', 0, 0, NOW()),
(6, 30, 'Looking for recommendations on programming languages to learn.', 0, 0, NOW()),
(7, 31, 'Just visited an incredible art gallery!', 0, 0, NOW()),
(7, 32, 'What are your favorite art styles?', 0, 0, NOW()),
(7, 33, 'Anyone interested in an art workshop?', 0, 0, NOW()),
(7, 34, 'Share your favorite artists!', 0, 0, NOW()),
(7, 35, 'Looking for recommendations on art books to read.', 0, 0, NOW()),
(8, 36, 'Just watched an amazing movie last night!', 0, 0, NOW()),
(8, 37, 'What are your all-time favorite films?', 0, 0, NOW()),
(8, 38, 'Anyone interested in a movie night?', 0, 0, NOW()),
(8, 39, 'Share your favorite movie quotes!', 0, 0, NOW()),
(8, 40, 'Looking for recommendations on must-watch movies.', 0, 0, NOW()),
(9, 41, 'Just discovered a new band that I love!', 0, 0, NOW()),
(9, 42, 'What are your favorite music genres?', 0, 0, NOW()),
(9, 43, 'Anyone interested in a music jam session?', 0, 0, NOW()),
(9, 44, 'Share your favorite songs!', 0, 0, NOW()),
(9, 45, 'Looking for recommendations on music festivals to attend.', 0, 0, NOW()),
(10, 46, 'Just watched an incredible game last night!', 0, 0, NOW()),
(10, 47, 'What are your favorite sports teams?', 0, 0, NOW()),
(10, 48, 'Anyone interested in a sports meetup?', 0, 0, NOW()),
(10, 49, 'Share your favorite sports moments!', 0, 0, NOW()),
(10, 50, 'Looking for recommendations on sports events to attend.', 0, 0, NOW()),
(11, 51, 'Just landed a new job! Feeling excited for this new chapter.', 0, 0, NOW()),
(11, 52, 'What are your best career advice tips?', 0, 0, NOW()),
(11, 53, 'Anyone interested in a networking event?', 0, 0, NOW()),
(11, 54, 'Share your favorite professional development resources!', 0, 0, NOW()),
(11, 55, 'Looking for recommendations on career growth strategies.', 0, 0, NOW()),
(12, 56, 'Just had a wonderful family gathering!', 0, 0, NOW()),
(12, 57, 'What are your best parenting tips?', 0, 0, NOW()),
(12, 58, 'Anyone interested in a family meetup?', 0, 0, NOW()),
(12, 59, 'Share your favorite family activities!', 0, 0, NOW()),
(12, 60, 'Looking for recommendations on family-friendly places to visit.', 0, 0, NOW()),
(13, 61, 'Just completed a challenging coding project!', 0, 0, NOW()),
(13, 62, 'What are your favorite programming languages?', 0, 0, NOW()),
(13, 63, 'Anyone interested in a coding hackathon?', 0, 0, NOW()),
(13, 64, 'Share your favorite coding resources!', 0, 0, NOW()),
(13, 65, 'Looking for recommendations on coding bootcamps.', 0, 0, NOW()),
(14, 66, 'Just started a new wellness routine!', 0, 0, NOW()),
(14, 67, 'What are your best health and wellness tips?', 0, 0, NOW()),
(14, 68, 'Anyone interested in a wellness workshop?', 0, 0, NOW()),
(14, 69, 'Share your favorite wellness resources!', 0, 0, NOW()),
(14, 70, 'Looking for recommendations on wellness retreats.', 0, 0, NOW());
-- Update postsCount in groups table
UPDATE groups SET postsCount = (SELECT COUNT(*) FROM posts WHERE posts.group_id = groups.id);
-- Add Comments to each post (2-5 comments per post, random user from that group as author)
INSERT INTO comments (post_id, author_id, content, likesCount, createdAt) VALUES
(1, 2, 'That sounds interesting! What book was it?', 0, NOW()),
(1, 3, 'I love modern art! Any recommendations?', 0, NOW()),
(1, 4, 'I recently visited an art gallery that was amazing!', 0, NOW()),
(2, 1, 'Yes! I can\'t wait to see them!', 0, NOW()),
(2, 5, 'I heard there are some great indie films coming out too.', 0, NOW()),
(3, 2, 'I\'d say "To Kill a Mockingbird" is a classic!', 0, NOW()),
(3, 4, 'I love "Pride and Prejudice"! Such a timeless story.', 0, NOW()),
(4, 1, 'Count me in! I\'d love to join you.', 0, NOW()),
(4, 3, 'I\'ve been wanting to check out the new exhibition downtown.', 0, NOW()),
(5, 2, 'I just finished "The Great Gatsby" and it was fantastic!', 0, NOW()),
(5, 4, 'I\'m always looking for new book recommendations!', 0, NOW()),
(6, 7, 'Congrats! That\'s a great achievement!', 0, NOW()),
(6, 8, 'Way to go! Keep up the great work!', 0, NOW()),
(7, 6, 'I love HIIT workouts! They\'re so effective.', 0, NOW()),
(7, 9, 'Yoga is my favorite way to stay fit and relaxed.', 0, NOW()),
(8, 6, 'I\'ve been thinking about trying that app. Let me know how it is!', 0, NOW()),
(8, 10, 'I\'ve heard great things about it!', 0, NOW()),
(9, 7, 'I\'m a big fan of Mediterranean cuisine!', 0, NOW()),
(9, 8, 'I love trying out new recipes!', 0, NOW()),
(10, 11, 'Awesome! Which game?', 0, NOW()),
(10, 12, 'Congrats on reaching level 50!', 0, NOW()),
(11, 13, 'I have a dual-monitor setup and its great for productivity.', 0, NOW()),
(11, 14, 'I\'m thinking about upgrading my setup too.', 0, NOW()),
(12, 11, 'I\'d recommend "The Witcher 3" and "Cyberpunk 2077".', 0, NOW()),
(12, 15, 'Those are some of my favorites too!', 0, NOW()),
(13, 12, 'I\'d love to join a tournament!', 0, NOW()),
(13, 14, 'Count me in! I\'d love to participate.', 0, NOW()),
(14, 11, 'One of my favorite moments was winning a local tournament!', 0, NOW()),
(14, 13, 'That sounds amazing! Congrats!', 0, NOW()),
(15, 12, 'I took some great photos in Bali last year.', 0, NOW()),
(15, 16, 'Bali is on my travel list! Would love to see your photos.', 0, NOW()),
(16, 17, 'Japan is incredible! Don\'t miss Kyoto and Tokyo.', 0, NOW()),
(16, 18, 'I\'ve always wanted to visit Japan! Thanks for the tips.', 0, NOW()),
(17, 16, 'I loved Paris and Rome when I visited Europe.', 0, NOW()),
(17, 19, 'Those are definitely must-visit places!', 0, NOW()),
(18, 17, 'I usually travel during off-peak seasons to save money.', 0, NOW()),
(18, 20, 'Great tip! I\'ll keep that in mind for my next trip.', 0, NOW()),
(19, 16, 'I\'d love to join a travel meetup!', 0, NOW()),
(19, 18, 'Count me in! I love meeting fellow travelers.', 0, NOW()),
(20, 17, 'I took some amazing photos in Iceland last year.', 0, NOW()),
(20, 19, 'Iceland is on my travel list! Would love to see your photos.', 0, NOW()),
(21, 22, 'That sounds delicious! What recipe did you try?', 0, NOW()),
(21, 23, 'I\'m always looking for new recipes to try out!', 0, NOW()),
(22, 21, 'I love "The Italian Bistro" downtown!', 0, NOW()),
(22, 24, 'I\'ve heard great things about that place!', 0, NOW()),
(23, 22, 'I\'d love to join a food tasting event!', 0, NOW()),
(23, 25, 'Count me in! I love trying new foods.', 0, NOW()),
(24, 21, 'I\'m a big fan of healthy eating too!', 0, NOW()),
(24, 23, 'Great to hear! Any favorite healthy recipes?', 0, NOW()),
(25, 22, 'I love "Smitten Kitchen" and "Serious Eats".', 0, NOW()),
(25, 24, 'Those are some of my favorites too!', 0, NOW()),
(26, 27, 'Awesome! Which smartphone did you get?', 0, NOW()),
(26, 28, 'Congrats on the new gadget!', 0, NOW()),
(27, 26, 'I\'d recommend the latest smartwatches and wireless earbuds.', 0, NOW()),
(27, 30, 'Thanks for the recommendations! I\'ll check them out.', 0, NOW()),
(28, 27, 'I\'d love to join a tech meetup!', 0, NOW()),
(28, 29, 'Count me in! I love discussing tech.', 0, NOW()),
(29, 26, 'I love "freeCodeCamp" and "Hacker News".', 0, NOW()),
(29, 28, 'Those are some of my favorites too!', 0, NOW()),
(30, 27, 'I\'m thinking about learning Python next.', 0, NOW()),
(30, 29, 'Python is a great choice! Very versatile.', 0, NOW()),
(31, 32, 'That sounds amazing! Which gallery did you visit?', 0, NOW()),
(31, 33, 'I love art galleries! Any recommendations?', 0, NOW()),
(32, 31, 'I\'m a big fan of impressionism and modern art.', 0, NOW()),
(32, 34, 'Those are some of my favorites too!', 0, NOW()),
(33, 32, 'I\'d love to join an art workshop!', 0, NOW()),
(33, 35, 'Count me in! I love learning about art.', 0, NOW()),
(34, 31, 'I recently discovered the works of Yayoi Kusama. Fascinating!', 0, NOW()),
(34, 33, 'I love her work too! So unique and captivating.', 0, NOW()),
(35, 32, 'I\'m reading a great book on art history right now.', 0, NOW()),
(35, 34, 'That sounds interesting! What\'s the title?', 0, NOW()),
(36, 37, 'That sounds awesome! Which movie did you watch?', 0, NOW()),
(36, 38, 'I love movie nights! Any recommendations?', 0, NOW()),
(37, 36, '"The Shawshank Redemption" is one of my all-time favorites.', 0, NOW()),
(37, 39, 'Great choice! I love that movie too.', 0, NOW()),
(38, 37, 'I\'d love to join a movie night!', 0, NOW()),
(38, 40, 'Count me in! I love watching movies with others.', 0, NOW()),
(39, 36, 'One of my favorite quotes is "May the Force be with you."', 0, NOW()),
(39, 38, 'Classic! I love Star Wars.', 0, NOW()),
(40, 37, 'I\'m looking forward to watching "Dune" soon.', 0, NOW()),
(40, 39, 'I\'ve heard great things about it!', 0, NOW()),
(41, 42, 'That\'s awesome! Which band did you discover?', 0, NOW()),
(41, 43, 'I love discovering new music! Any recommendations?', 0, NOW()),
(42, 41, 'I\'m a big fan of rock and indie music.', 0, NOW()),
(42, 44, 'Those are some of my favorites too!', 0, NOW()),
(43, 42, 'I\'d love to join a music jam session!', 0, NOW()),
(43, 45, 'Count me in! I love playing music with others.', 0, NOW()),
(44, 41, 'I recently discovered the band "Tame Impala". Amazing sound!', 0, NOW()),
(44, 43, 'I love their music too! So unique and psychedelic.', 0, NOW()),
(45, 42, 'I\'m listening to a lot of jazz lately. Any recommendations?', 0, NOW()),
(45, 44, 'I love jazz! Check out Miles Davis and John Coltrane.', 0, NOW()),
(46, 47, 'That sounds exciting! Which game did you watch?', 0, NOW()),
(46, 48, 'I love sports meetups! Any recommendations?', 0, NOW()),
(47, 46, 'I\'m a big fan of the Lakers and the Yankees.', 0, NOW()),
(47, 49, 'Great choices! I love both teams too.', 0, NOW())